det,total,dSOAP
BM13,0.1995258331298828,20.0
BM14,0.7828865051269531,-349.0
BM20,0.05902099609375,-116.0
BM22,0.3940563201904297,546.0
BM23,0.0887641906738281,120.0
BM25,0.4249439239501953,-61.0
BM26,2.2731666564941406,-351.0
