det,total,dSOAP
BM13,1.1020793914794922,20.0
BM14,0.7463150024414062,-353.0
BM20,0.0827751159667968,-116.0
BM22,1.4625797271728516,546.0
BM23,0.2463436126708984,120.0
BM25,1.3909454345703125,-177.0
BM26,1.7272300720214844,-429.0
