inc,total,dSOAP
BM13,0.7751941680908203,20.0
BM14,0.8326702117919922,-349.0
BM20,0.076791763305664,-116.0
BM22,,
BM23,,
BM25,0.6699542999267578,-65.0
BM26,2.123331069946289,-382.0
