inc,total,dSOAP
BM13,0.6936969757080078,20.0
BM14,0.7176113128662109,-349.0
BM20,0.0727958679199218,-116.0
BM22,,
BM23,2.8266334533691406,120.0
BM25,0.6497764587402344,-65.0
BM26,1.6687145233154297,-362.0
